message,author,timestamp,category,sentiment,keyword_mentioned,message_length
"I just found a movie! It was exciting.","Eve","2025-02-17 20:19:54","entertainment",0.65,"movie",38
"I just found a story! It was boring.","Charlie","2025-02-17 20:19:59","other",0.63,"other",36
"I just tried game! It was weird.","Eve","2025-02-17 20:20:04","gaming",0.33,"game",32
"I just shared game! It was boring.","Eve","2025-02-17 20:20:09","gaming",0.73,"game",34
"I just loved Python! It was exciting.","Charlie","2025-02-17 20:20:14","tech",0.69,"Python",37
"I just shared an app! It was amazing.","Eve","2025-02-17 20:20:19","other",0.7,"other",37
"I just shared a trick! It was exciting.","Eve","2025-02-17 20:20:24","other",0.86,"other",39
"I just tried Python! It was amazing.","Charlie","2025-02-17 20:20:29","tech",0.72,"Python",36
"I just loved travel! It was boring.","Alice","2025-02-17 20:20:34","travel",0.91,"travel",35
"I just saw a movie! It was funny.","Eve","2025-02-17 20:20:39","entertainment",0.97,"movie",33
"I just tried recipe! It was amazing.","Alice","2025-02-17 20:20:44","food",0.99,"recipe",36
"I just found a trick! It was boring.","Eve","2025-02-17 20:20:49","other",0.57,"other",36
"I just shared Python! It was amazing.","Eve","2025-02-17 20:20:54","tech",0.4,"Python",37
"I just saw game! It was amazing.","Eve","2025-02-17 20:20:59","gaming",0.01,"game",32
"I just shared JavaScript! It was funny.","Charlie","2025-02-17 20:21:04","tech",0.71,"JavaScript",39
"I just saw game! It was exciting.","Charlie","2025-02-17 20:21:09","gaming",0.55,"game",33
"I just tried a meme! It was exciting.","Alice","2025-02-17 20:21:14","humor",0.02,"meme",37
"I just loved an app! It was exciting.","Eve","2025-02-17 20:21:19","other",0.16,"other",37
"I just found travel! It was exciting.","Bob","2025-02-17 20:21:24","travel",0.03,"travel",37
"I just saw a story! It was weird.","Bob","2025-02-17 20:21:29","other",0.5,"other",33
"I just tried a movie! It was exciting.","Bob","2025-02-17 20:21:34","entertainment",0.41,"movie",38
"I just tried a movie! It was exciting.","Bob","2025-02-17 20:21:39","entertainment",0.91,"movie",38
"I just loved a story! It was funny.","Eve","2025-02-17 20:21:44","other",0.31,"other",35
"I just loved a trick! It was exciting.","Charlie","2025-02-17 20:21:49","other",0.9,"other",38
"I just shared an app! It was weird.","Eve","2025-02-17 20:21:54","other",0.94,"other",35
"I just found recipe! It was boring.","Eve","2025-02-17 20:21:59","food",0.84,"recipe",35
"I just found a trick! It was funny.","Eve","2025-02-17 20:22:04","other",0.16,"other",35
"I just loved JavaScript! It was funny.","Eve","2025-02-17 20:22:09","tech",0.47,"JavaScript",38
"I just found a meme! It was boring.","Bob","2025-02-17 20:22:14","humor",0.12,"meme",35
"I just found JavaScript! It was funny.","Eve","2025-02-17 20:22:19","tech",0.83,"JavaScript",38
"I just found Python! It was funny.","Eve","2025-02-17 20:22:24","tech",0.4,"Python",34
"I just saw travel! It was amazing.","Bob","2025-02-17 20:22:29","travel",0.34,"travel",34
"I just saw an app! It was weird.","Bob","2025-02-17 20:22:34","other",0.06,"other",32
"I just shared Python! It was funny.","Charlie","2025-02-17 20:22:39","tech",0.88,"Python",35
"I just loved a trick! It was funny.","Alice","2025-02-17 20:22:44","other",0.94,"other",35
"I just tried Python! It was boring.","Alice","2025-02-17 20:22:49","tech",0.41,"Python",35
"I just shared a story! It was exciting.","Bob","2025-02-17 20:22:54","other",0.56,"other",39
"I just saw recipe! It was amazing.","Charlie","2025-02-17 20:22:59","food",0.39,"recipe",34
"I just loved JavaScript! It was funny.","Charlie","2025-02-17 20:23:04","tech",0.66,"JavaScript",38
"I just saw JavaScript! It was weird.","Eve","2025-02-17 20:23:09","tech",0.07,"JavaScript",36
"I just shared game! It was boring.","Eve","2025-02-17 20:23:14","gaming",0.12,"game",34
"I just loved recipe! It was amazing.","Charlie","2025-02-17 20:23:19","food",0.23,"recipe",36
"I just saw a story! It was boring.","Bob","2025-02-17 20:23:24","other",0.55,"other",34
"I just tried a movie! It was boring.","Alice","2025-02-17 20:23:29","entertainment",0.29,"movie",36
"I just shared a movie! It was funny.","Charlie","2025-02-17 20:23:34","entertainment",0.15,"movie",36
"I just found Python! It was amazing.","Alice","2025-02-17 20:23:39","tech",0.49,"Python",36
"I just found Python! It was weird.","Charlie","2025-02-17 20:23:44","tech",0.52,"Python",34
"I just found game! It was weird.","Charlie","2025-02-17 20:23:49","gaming",0.5,"game",32
"I just shared Python! It was boring.","Bob","2025-02-17 20:23:54","tech",0.74,"Python",36
"I just saw recipe! It was exciting.","Alice","2025-02-17 20:23:59","food",0.72,"recipe",35
"I just saw Python! It was amazing.","Alice","2025-02-17 20:24:04","tech",0.42,"Python",34
"I just found an app! It was funny.","Bob","2025-02-17 20:24:09","other",0.7,"other",34
"I just loved a trick! It was weird.","Alice","2025-02-17 20:24:14","other",0.93,"other",35
"I just tried game! It was weird.","Charlie","2025-02-17 20:24:19","gaming",0.57,"game",32
"I just loved game! It was boring.","Charlie","2025-02-17 20:24:24","gaming",0.22,"game",33
"I just shared Python! It was amazing.","Charlie","2025-02-17 20:24:29","tech",0.75,"Python",37
"I just found a movie! It was funny.","Alice","2025-02-17 20:24:34","entertainment",1.0,"movie",35
"I just loved a meme! It was weird.","Alice","2025-02-17 20:24:39","humor",0.44,"meme",34
"I just loved JavaScript! It was boring.","Bob","2025-02-17 20:24:44","tech",0.39,"JavaScript",39
"I just shared travel! It was amazing.","Charlie","2025-02-17 20:24:49","travel",0.02,"travel",37
"I just loved a story! It was exciting.","Alice","2025-02-17 20:24:54","other",0.11,"other",38
"I just loved travel! It was weird.","Charlie","2025-02-17 20:24:59","travel",0.63,"travel",34
"I just shared Python! It was boring.","Bob","2025-02-17 20:25:04","tech",0.11,"Python",36
"I just saw an app! It was weird.","Eve","2025-02-17 20:25:09","other",0.34,"other",32
"I just found recipe! It was funny.","Eve","2025-02-17 20:25:14","food",0.72,"recipe",34
"I just found game! It was funny.","Bob","2025-02-17 20:25:19","gaming",0.66,"game",32
"I just found Python! It was funny.","Bob","2025-02-17 20:25:24","tech",0.59,"Python",34
"I just loved a movie! It was boring.","Eve","2025-02-17 20:25:29","entertainment",0.23,"movie",36
"I just found a trick! It was exciting.","Charlie","2025-02-17 20:25:34","other",0.74,"other",38
"I just tried JavaScript! It was amazing.","Charlie","2025-02-17 20:25:39","tech",0.41,"JavaScript",40
"I just tried a story! It was boring.","Bob","2025-02-17 20:25:44","other",0.06,"other",36
"I just found JavaScript! It was funny.","Alice","2025-02-17 20:25:49","tech",0.68,"JavaScript",38
"I just found game! It was boring.","Alice","2025-02-17 20:25:55","gaming",0.47,"game",33
"I just loved JavaScript! It was weird.","Charlie","2025-02-17 20:26:00","tech",0.25,"JavaScript",38
"I just found a movie! It was exciting.","Eve","2025-02-17 20:26:05","entertainment",0.45,"movie",38
"I just loved recipe! It was weird.","Eve","2025-02-17 20:26:10","food",0.18,"recipe",34
"I just found a trick! It was funny.","Eve","2025-02-17 20:26:15","other",0.91,"other",35
"I just shared a story! It was funny.","Bob","2025-02-17 20:26:20","other",0.13,"other",36
"I just tried recipe! It was amazing.","Bob","2025-02-17 20:26:25","food",0.21,"recipe",36
"I just loved JavaScript! It was exciting.","Bob","2025-02-17 20:26:30","tech",0.74,"JavaScript",41
"I just found game! It was funny.","Eve","2025-02-17 20:26:35","gaming",0.77,"game",32
"I just loved a story! It was amazing.","Bob","2025-02-17 20:26:40","other",0.88,"other",37
"I just saw a movie! It was funny.","Bob","2025-02-17 20:26:45","entertainment",0.1,"movie",33
"I just tried a trick! It was boring.","Bob","2025-02-17 20:26:50","other",0.75,"other",36
"I just tried travel! It was weird.","Charlie","2025-02-17 20:26:55","travel",0.44,"travel",34
"I just found JavaScript! It was boring.","Eve","2025-02-17 20:27:00","tech",0.1,"JavaScript",39
"I just found an app! It was boring.","Alice","2025-02-17 20:27:05","other",0.54,"other",35
"I just tried an app! It was weird.","Bob","2025-02-17 20:27:10","other",0.06,"other",34
"I just found a movie! It was exciting.","Bob","2025-02-17 20:27:15","entertainment",0.24,"movie",38
"I just loved travel! It was amazing.","Charlie","2025-02-17 20:27:20","travel",0.38,"travel",36
"I just loved a trick! It was boring.","Charlie","2025-02-17 20:27:25","other",0.79,"other",36
"I just saw Python! It was funny.","Bob","2025-02-17 20:27:30","tech",0.85,"Python",32
"I just loved an app! It was exciting.","Charlie","2025-02-17 20:27:35","other",0.07,"other",37
"I just loved a story! It was boring.","Eve","2025-02-17 20:27:40","other",0.36,"other",36
"I just shared travel! It was exciting.","Charlie","2025-02-17 20:27:45","travel",0.34,"travel",38
"I just saw a meme! It was exciting.","Eve","2025-02-17 20:27:50","humor",0.63,"meme",35
"I just found a movie! It was boring.","Bob","2025-02-17 20:27:55","entertainment",0.59,"movie",36
"I just saw Python! It was funny.","Alice","2025-02-17 20:28:00","tech",0.08,"Python",32
"I just found an app! It was amazing.","Eve","2025-02-17 20:28:05","other",0.87,"other",36
"I just tried a meme! It was funny.","Eve","2025-02-17 20:28:10","humor",0.61,"meme",34
"I just shared an app! It was weird.","Eve","2025-02-17 20:28:15","other",0.83,"other",35
"I just saw a meme! It was funny.","Charlie","2025-02-17 20:28:20","humor",0.05,"meme",32
"I just saw a meme! It was weird.","Alice","2025-02-17 20:28:25","humor",0.62,"meme",32
"I just loved travel! It was funny.","Bob","2025-02-17 20:28:30","travel",0.2,"travel",34
"I just shared recipe! It was boring.","Charlie","2025-02-17 20:28:35","food",0.47,"recipe",36
"I just shared recipe! It was boring.","Charlie","2025-02-17 20:28:35","food",0.47,"recipe",36
"I just found a meme! It was weird.","Eve","2025-02-17 20:28:40","humor",0.07,"meme",34
"I just tried a trick! It was weird.","Alice","2025-02-17 20:28:45","other",0.48,"other",35
"I just saw JavaScript! It was amazing.","Eve","2025-02-17 20:28:50","tech",0.04,"JavaScript",38
"I just loved a trick! It was boring.","Bob","2025-02-17 20:28:55","other",0.9,"other",36
"I just tried a story! It was weird.","Charlie","2025-02-17 20:29:00","other",0.14,"other",35
"I just saw a story! It was weird.","Charlie","2025-02-17 20:29:05","other",0.81,"other",33
"I just loved recipe! It was boring.","Alice","2025-02-17 20:29:10","food",0.91,"recipe",35
"I just found an app! It was funny.","Charlie","2025-02-17 20:29:15","other",0.54,"other",34
"I just loved a story! It was weird.","Bob","2025-02-17 20:29:20","other",0.58,"other",35
"I just loved travel! It was weird.","Bob","2025-02-17 20:29:25","travel",0.49,"travel",34
"I just loved game! It was funny.","Bob","2025-02-17 20:29:30","gaming",0.04,"game",32
"I just loved an app! It was boring.","Alice","2025-02-17 20:29:35","other",0.54,"other",35
"I just shared a trick! It was weird.","Alice","2025-02-17 20:29:40","other",0.64,"other",36
"I just saw a movie! It was weird.","Eve","2025-02-17 20:29:45","entertainment",0.66,"movie",33
"I just found a meme! It was funny.","Charlie","2025-02-17 20:29:50","humor",0.6,"meme",34
"I just tried Python! It was boring.","Charlie","2025-02-17 20:29:55","tech",0.35,"Python",35
"I just shared game! It was funny.","Bob","2025-02-17 20:30:00","gaming",0.46,"game",33
"I just tried recipe! It was weird.","Bob","2025-02-17 20:30:05","food",0.98,"recipe",34
"I just shared an app! It was boring.","Eve","2025-02-17 20:30:10","other",0.39,"other",36
"I just tried JavaScript! It was exciting.","Eve","2025-02-17 20:30:15","tech",0.08,"JavaScript",41
"I just shared Python! It was funny.","Alice","2025-02-17 20:30:20","tech",0.14,"Python",35
"I just found a trick! It was funny.","Charlie","2025-02-17 20:30:25","other",0.43,"other",35
"I just found a movie! It was amazing.","Charlie","2025-02-17 20:30:30","entertainment",0.37,"movie",37
"I just found recipe! It was amazing.","Bob","2025-02-17 20:30:35","food",0.84,"recipe",36
"I just saw JavaScript! It was funny.","Bob","2025-02-17 20:30:40","tech",0.2,"JavaScript",36
"I just tried a meme! It was boring.","Eve","2025-02-17 20:30:45","humor",0.28,"meme",35
"I just tried a story! It was amazing.","Eve","2025-02-17 20:30:50","other",0.07,"other",37
"I just shared game! It was amazing.","Eve","2025-02-17 20:30:55","gaming",0.01,"game",35
"I just tried a movie! It was exciting.","Charlie","2025-02-17 20:31:00","entertainment",0.47,"movie",38
"I just shared travel! It was boring.","Bob","2025-02-17 20:31:05","travel",0.02,"travel",36
"I just saw an app! It was amazing.","Alice","2025-02-17 20:31:10","other",0.31,"other",34
"I just shared travel! It was boring.","Alice","2025-02-17 20:31:15","travel",0.96,"travel",36
"I just tried a story! It was amazing.","Alice","2025-02-17 20:31:20","other",0.55,"other",37
"I just loved an app! It was boring.","Bob","2025-02-17 20:31:25","other",0.17,"other",35
"I just tried travel! It was weird.","Eve","2025-02-17 20:31:30","travel",0.22,"travel",34
"I just saw a meme! It was boring.","Eve","2025-02-17 20:31:35","humor",0.11,"meme",33
"I just shared an app! It was weird.","Bob","2025-02-17 20:31:40","other",0.53,"other",35
"I just found recipe! It was exciting.","Charlie","2025-02-17 20:31:45","food",0.28,"recipe",37
"I just shared a story! It was funny.","Bob","2025-02-17 20:31:50","other",0.89,"other",36
"I just found a meme! It was funny.","Alice","2025-02-17 20:31:55","humor",0.82,"meme",34
"I just found travel! It was weird.","Charlie","2025-02-17 20:32:00","travel",0.66,"travel",34
"I just saw game! It was amazing.","Charlie","2025-02-17 20:32:05","gaming",0.4,"game",32
"I just shared travel! It was boring.","Eve","2025-02-17 20:32:10","travel",0.58,"travel",36
"I just saw travel! It was funny.","Alice","2025-02-17 20:32:15","travel",0.0,"travel",32
"I just saw an app! It was exciting.","Bob","2025-02-17 20:32:20","other",0.72,"other",35
"I just loved recipe! It was weird.","Charlie","2025-02-17 20:32:25","food",0.39,"recipe",34
"I just tried a story! It was exciting.","Alice","2025-02-17 20:32:30","other",0.99,"other",38
"I just shared a trick! It was funny.","Charlie","2025-02-17 20:32:35","other",0.53,"other",36
"I just loved a meme! It was amazing.","Charlie","2025-02-17 20:32:40","humor",0.73,"meme",36
"I just loved a trick! It was weird.","Alice","2025-02-17 20:32:45","other",0.36,"other",35
"I just tried a trick! It was boring.","Alice","2025-02-17 20:32:50","other",0.08,"other",36
"I just loved a story! It was amazing.","Bob","2025-02-17 20:32:55","other",0.95,"other",37
"I just loved a meme! It was funny.","Alice","2025-02-17 20:33:00","humor",0.65,"meme",34
"I just tried Python! It was funny.","Charlie","2025-02-17 20:33:05","tech",0.57,"Python",34
"I just tried a trick! It was weird.","Charlie","2025-02-17 20:33:10","other",0.11,"other",35
"I just tried a meme! It was exciting.","Bob","2025-02-17 20:33:15","humor",0.09,"meme",37
"I just shared a story! It was funny.","Bob","2025-02-17 20:33:20","other",0.89,"other",36
"I just loved a story! It was exciting.","Bob","2025-02-17 20:33:25","other",0.62,"other",38
"I just loved recipe! It was funny.","Alice","2025-02-17 20:33:30","food",0.87,"recipe",34
"I just loved travel! It was amazing.","Charlie","2025-02-17 20:33:35","travel",0.89,"travel",36
"I just shared JavaScript! It was weird.","Alice","2025-02-17 20:33:40","tech",0.49,"JavaScript",39
"I just saw game! It was exciting.","Charlie","2025-02-17 20:33:45","gaming",0.43,"game",33
"I just saw JavaScript! It was amazing.","Eve","2025-02-17 20:33:50","tech",0.59,"JavaScript",38
"I just found a trick! It was funny.","Charlie","2025-02-17 20:33:55","other",0.46,"other",35
"I just tried travel! It was exciting.","Alice","2025-02-17 20:34:00","travel",0.17,"travel",37
"I just loved Python! It was boring.","Charlie","2025-02-17 20:34:05","tech",0.1,"Python",35
"I just found travel! It was amazing.","Alice","2025-02-17 20:34:10","travel",0.21,"travel",36
"I just saw a movie! It was boring.","Charlie","2025-02-17 20:34:15","entertainment",0.01,"movie",34
"I just tried a trick! It was weird.","Charlie","2025-02-17 20:34:20","other",0.95,"other",35
"I just found travel! It was funny.","Eve","2025-02-17 20:34:25","travel",0.23,"travel",34
"I just tried game! It was funny.","Bob","2025-02-17 20:34:30","gaming",0.26,"game",32
"I just shared a meme! It was amazing.","Charlie","2025-02-17 20:34:35","humor",0.71,"meme",37
"I just shared a trick! It was boring.","Charlie","2025-02-17 20:34:40","other",0.06,"other",37
"I just tried a meme! It was boring.","Eve","2025-02-17 20:34:45","humor",0.65,"meme",35
"I just loved a trick! It was boring.","Eve","2025-02-17 20:34:50","other",0.33,"other",36
"I just tried Python! It was weird.","Bob","2025-02-17 20:34:55","tech",0.63,"Python",34
"I just found a trick! It was boring.","Eve","2025-02-17 20:35:00","other",0.87,"other",36
"I just saw a meme! It was boring.","Charlie","2025-02-17 20:35:05","humor",0.31,"meme",33
"I just tried a trick! It was amazing.","Charlie","2025-02-17 20:35:10","other",0.97,"other",37
"I just shared recipe! It was weird.","Eve","2025-02-17 20:35:15","food",0.63,"recipe",35
"I just loved a story! It was exciting.","Bob","2025-02-17 20:35:20","other",0.14,"other",38
"I just loved a story! It was exciting.","Bob","2025-02-17 20:35:25","other",0.24,"other",38
"I just shared game! It was exciting.","Eve","2025-02-17 20:35:30","gaming",0.62,"game",36
"I just shared a trick! It was amazing.","Bob","2025-02-17 20:35:35","other",0.09,"other",38
"I just found Python! It was exciting.","Eve","2025-02-17 20:35:40","tech",0.01,"Python",37
"I just saw JavaScript! It was exciting.","Charlie","2025-02-17 20:35:45","tech",0.79,"JavaScript",39
"I just shared an app! It was weird.","Eve","2025-02-17 20:35:50","other",0.12,"other",35
"I just found recipe! It was funny.","Alice","2025-02-17 20:35:55","food",0.78,"recipe",34
"I just shared an app! It was funny.","Eve","2025-02-17 20:36:00","other",0.54,"other",35
"I just loved a story! It was amazing.","Alice","2025-02-17 20:36:06","other",0.58,"other",37
"I just found a meme! It was funny.","Bob","2025-02-17 20:36:11","humor",0.82,"meme",34
"I just shared a story! It was funny.","Charlie","2025-02-17 20:36:16","other",0.4,"other",36
"I just found a story! It was funny.","Charlie","2025-02-17 20:36:21","other",0.61,"other",35
"I just found recipe! It was boring.","Eve","2025-02-17 20:36:26","food",0.37,"recipe",35
"I just shared a meme! It was boring.","Eve","2025-02-17 20:36:31","humor",0.79,"meme",36
"I just saw a meme! It was weird.","Alice","2025-02-17 20:36:36","humor",0.12,"meme",32
"I just saw travel! It was amazing.","Bob","2025-02-17 20:36:41","travel",0.02,"travel",34
"I just loved an app! It was exciting.","Alice","2025-02-17 20:36:46","other",0.67,"other",37
"I just found a trick! It was exciting.","Charlie","2025-02-17 20:36:51","other",0.72,"other",38
"I just saw a trick! It was boring.","Charlie","2025-02-17 20:36:56","other",0.04,"other",34
"I just tried a meme! It was boring.","Bob","2025-02-17 20:37:01","humor",0.16,"meme",35
"I just found an app! It was amazing.","Alice","2025-02-17 20:37:06","other",0.76,"other",36
"I just tried JavaScript! It was weird.","Alice","2025-02-17 20:37:11","tech",0.32,"JavaScript",38
"I just saw recipe! It was weird.","Alice","2025-02-17 21:08:53","food",0.05,"recipe",32
"I just saw travel! It was amazing.","Alice","2025-02-17 21:08:58","travel",0.26,"travel",34
"I just saw a story! It was amazing.","Bob","2025-02-17 21:09:03","other",0.86,"other",35
"I just found a story! It was exciting.","Eve","2025-02-17 21:09:08","other",0.62,"other",38
"I just found travel! It was weird.","Eve","2025-02-17 21:09:13","travel",0.22,"travel",34
"I just found a story! It was boring.","Alice","2025-02-17 21:09:18","other",0.49,"other",36
"I just loved a movie! It was boring.","Alice","2025-02-17 21:09:23","entertainment",0.17,"movie",36
"I just shared Python! It was weird.","Alice","2025-02-17 21:09:28","tech",0.98,"Python",35
"I just loved recipe! It was exciting.","Alice","2025-02-17 21:09:33","food",0.41,"recipe",37
"I just saw a story! It was amazing.","Charlie","2025-02-17 21:09:38","other",0.34,"other",35
"I just saw an app! It was exciting.","Charlie","2025-02-17 21:09:43","other",0.86,"other",35
"I just saw a meme! It was funny.","Eve","2025-02-17 21:09:48","humor",0.32,"meme",32
"I just loved a trick! It was weird.","Bob","2025-02-17 21:09:53","other",0.4,"other",35
"I just found recipe! It was boring.","Charlie","2025-02-17 21:09:58","food",0.1,"recipe",35
"I just shared Python! It was weird.","Bob","2025-02-17 21:10:03","tech",0.06,"Python",35
"I just shared a trick! It was funny.","Charlie","2025-02-17 21:10:08","other",0.25,"other",36
"I just loved Python! It was weird.","Charlie","2025-02-17 21:10:13","tech",0.48,"Python",34
"I just found a story! It was boring.","Bob","2025-02-17 21:10:18","other",0.55,"other",36
"I just tried JavaScript! It was exciting.","Eve","2025-02-17 21:10:23","tech",0.32,"JavaScript",41
"I just tried Python! It was weird.","Charlie","2025-02-17 21:10:28","tech",0.83,"Python",34
"I just found game! It was weird.","Bob","2025-02-17 21:10:33","gaming",0.54,"game",32
"I just shared JavaScript! It was amazing.","Eve","2025-02-17 21:10:38","tech",0.72,"JavaScript",41
"I just found a movie! It was boring.","Charlie","2025-02-17 21:10:43","entertainment",0.3,"movie",36
"I just found JavaScript! It was boring.","Charlie","2025-02-17 21:10:48","tech",0.03,"JavaScript",39
"I just shared Python! It was weird.","Alice","2025-02-17 21:10:53","tech",0.36,"Python",35
"I just found JavaScript! It was funny.","Eve","2025-02-17 21:10:58","tech",0.2,"JavaScript",38
"I just shared a trick! It was weird.","Charlie","2025-02-17 21:11:03","other",0.44,"other",36
"I just loved JavaScript! It was amazing.","Alice","2025-02-17 21:11:08","tech",0.73,"JavaScript",40
"I just loved recipe! It was boring.","Charlie","2025-02-17 21:11:13","food",0.92,"recipe",35
"I just saw travel! It was exciting.","Eve","2025-02-17 21:11:18","travel",0.69,"travel",35
"I just shared an app! It was amazing.","Eve","2025-02-17 21:11:23","other",0.02,"other",37
"I just tried travel! It was weird.","Charlie","2025-02-17 21:11:28","travel",0.97,"travel",34
"I just found a story! It was boring.","Charlie","2025-02-17 21:11:33","other",0.65,"other",36
"I just tried travel! It was funny.","Eve","2025-02-17 21:11:38","travel",0.49,"travel",34
"I just found Python! It was exciting.","Alice","2025-02-17 21:11:43","tech",0.6,"Python",37
"I just tried Python! It was amazing.","Alice","2025-02-17 21:11:48","tech",0.05,"Python",36
"I just saw a trick! It was weird.","Alice","2025-02-17 21:11:53","other",0.84,"other",33
"I just shared Python! It was exciting.","Eve","2025-02-17 21:11:58","tech",0.09,"Python",38
"I just found a movie! It was amazing.","Charlie","2025-02-17 21:12:03","entertainment",0.23,"movie",37
"I just saw recipe! It was weird.","Alice","2025-02-17 21:08:53","food",0.05,"recipe",32
"I just saw travel! It was amazing.","Alice","2025-02-17 21:08:58","travel",0.26,"travel",34
"I just saw a story! It was amazing.","Bob","2025-02-17 21:09:03","other",0.86,"other",35
"I just found a story! It was exciting.","Eve","2025-02-17 21:09:08","other",0.62,"other",38
"I just found travel! It was weird.","Eve","2025-02-17 21:09:13","travel",0.22,"travel",34
"I just found a story! It was boring.","Alice","2025-02-17 21:09:18","other",0.49,"other",36
"I just loved a movie! It was boring.","Alice","2025-02-17 21:09:23","entertainment",0.17,"movie",36
"I just shared Python! It was weird.","Alice","2025-02-17 21:09:28","tech",0.98,"Python",35
"I just loved recipe! It was exciting.","Alice","2025-02-17 21:09:33","food",0.41,"recipe",37
"I just saw a story! It was amazing.","Charlie","2025-02-17 21:09:38","other",0.34,"other",35
"I just saw an app! It was exciting.","Charlie","2025-02-17 21:09:43","other",0.86,"other",35
"I just saw a meme! It was funny.","Eve","2025-02-17 21:09:48","humor",0.32,"meme",32
"I just loved a trick! It was weird.","Bob","2025-02-17 21:09:53","other",0.4,"other",35
"I just found recipe! It was boring.","Charlie","2025-02-17 21:09:58","food",0.1,"recipe",35
"I just shared Python! It was weird.","Bob","2025-02-17 21:10:03","tech",0.06,"Python",35
"I just shared a trick! It was funny.","Charlie","2025-02-17 21:10:08","other",0.25,"other",36
"I just loved Python! It was weird.","Charlie","2025-02-17 21:10:13","tech",0.48,"Python",34
"I just found a story! It was boring.","Bob","2025-02-17 21:10:18","other",0.55,"other",36
"I just tried JavaScript! It was exciting.","Eve","2025-02-17 21:10:23","tech",0.32,"JavaScript",41
"I just tried Python! It was weird.","Charlie","2025-02-17 21:10:28","tech",0.83,"Python",34
"I just found game! It was weird.","Bob","2025-02-17 21:10:33","gaming",0.54,"game",32
"I just shared JavaScript! It was amazing.","Eve","2025-02-17 21:10:38","tech",0.72,"JavaScript",41
"I just found a movie! It was boring.","Charlie","2025-02-17 21:10:43","entertainment",0.3,"movie",36
"I just found JavaScript! It was boring.","Charlie","2025-02-17 21:10:48","tech",0.03,"JavaScript",39
"I just shared Python! It was weird.","Alice","2025-02-17 21:10:53","tech",0.36,"Python",35
"I just found JavaScript! It was funny.","Eve","2025-02-17 21:10:58","tech",0.2,"JavaScript",38
"I just shared a trick! It was weird.","Charlie","2025-02-17 21:11:03","other",0.44,"other",36
"I just loved JavaScript! It was amazing.","Alice","2025-02-17 21:11:08","tech",0.73,"JavaScript",40
"I just loved recipe! It was boring.","Charlie","2025-02-17 21:11:13","food",0.92,"recipe",35
"I just saw travel! It was exciting.","Eve","2025-02-17 21:11:18","travel",0.69,"travel",35
"I just shared an app! It was amazing.","Eve","2025-02-17 21:11:23","other",0.02,"other",37
"I just tried travel! It was weird.","Charlie","2025-02-17 21:11:28","travel",0.97,"travel",34
"I just found a story! It was boring.","Charlie","2025-02-17 21:11:33","other",0.65,"other",36
"I just tried travel! It was funny.","Eve","2025-02-17 21:11:38","travel",0.49,"travel",34
"I just found Python! It was exciting.","Alice","2025-02-17 21:11:43","tech",0.6,"Python",37
"I just tried Python! It was amazing.","Alice","2025-02-17 21:11:48","tech",0.05,"Python",36
"I just saw a trick! It was weird.","Alice","2025-02-17 21:11:53","other",0.84,"other",33
"I just shared Python! It was exciting.","Eve","2025-02-17 21:11:58","tech",0.09,"Python",38
"I just found a movie! It was amazing.","Charlie","2025-02-17 21:12:03","entertainment",0.23,"movie",37
"I just shared a meme! It was exciting.","Charlie","2025-02-17 21:12:08","humor",0.34,"meme",38
"I just found a meme! It was boring.","Charlie","2025-02-17 21:12:13","humor",0.83,"meme",35
"I just found recipe! It was funny.","Alice","2025-02-17 21:12:18","food",0.81,"recipe",34
"I just loved an app! It was exciting.","Bob","2025-02-17 21:12:23","other",0.07,"other",37
"I just found a story! It was funny.","Eve","2025-02-17 21:12:28","other",0.17,"other",35
"I just loved recipe! It was funny.","Eve","2025-02-17 21:12:33","food",0.46,"recipe",34
"I just shared travel! It was exciting.","Alice","2025-02-17 21:12:38","travel",0.02,"travel",38
"I just tried an app! It was exciting.","Eve","2025-02-17 21:12:43","other",0.97,"other",37
"I just found a story! It was amazing.","Alice","2025-02-17 21:12:48","other",0.81,"other",37
"I just saw recipe! It was boring.","Eve","2025-02-17 21:12:53","food",0.36,"recipe",33
"I just tried a movie! It was amazing.","Charlie","2025-02-17 21:12:58","entertainment",0.3,"movie",37
"I just tried Python! It was amazing.","Alice","2025-02-17 21:13:03","tech",0.59,"Python",36
"I just loved a story! It was amazing.","Eve","2025-02-17 21:13:08","other",0.77,"other",37
"I just shared an app! It was boring.","Alice","2025-02-17 21:13:13","other",0.42,"other",36
"I just found Python! It was boring.","Charlie","2025-02-17 21:13:18","tech",0.94,"Python",35
"I just saw recipe! It was exciting.","Bob","2025-02-17 21:13:23","food",0.17,"recipe",35
"I just tried a trick! It was funny.","Alice","2025-02-17 21:13:28","other",0.31,"other",35
"I just saw recipe! It was weird.","Alice","2025-02-17 21:08:53","food",0.05,"recipe",32
"I just saw travel! It was amazing.","Alice","2025-02-17 21:08:58","travel",0.26,"travel",34
"I just saw a story! It was amazing.","Bob","2025-02-17 21:09:03","other",0.86,"other",35
"I just found a story! It was exciting.","Eve","2025-02-17 21:09:08","other",0.62,"other",38
"I just found travel! It was weird.","Eve","2025-02-17 21:09:13","travel",0.22,"travel",34
"I just found a story! It was boring.","Alice","2025-02-17 21:09:18","other",0.49,"other",36
"I just loved a movie! It was boring.","Alice","2025-02-17 21:09:23","entertainment",0.17,"movie",36
"I just shared Python! It was weird.","Alice","2025-02-17 21:09:28","tech",0.98,"Python",35
"I just loved recipe! It was exciting.","Alice","2025-02-17 21:09:33","food",0.41,"recipe",37
"I just saw a story! It was amazing.","Charlie","2025-02-17 21:09:38","other",0.34,"other",35
"I just saw an app! It was exciting.","Charlie","2025-02-17 21:09:43","other",0.86,"other",35
"I just saw a meme! It was funny.","Eve","2025-02-17 21:09:48","humor",0.32,"meme",32
"I just loved a trick! It was weird.","Bob","2025-02-17 21:09:53","other",0.4,"other",35
"I just found recipe! It was boring.","Charlie","2025-02-17 21:09:58","food",0.1,"recipe",35
"I just shared Python! It was weird.","Bob","2025-02-17 21:10:03","tech",0.06,"Python",35
"I just shared a trick! It was funny.","Charlie","2025-02-17 21:10:08","other",0.25,"other",36
"I just loved Python! It was weird.","Charlie","2025-02-17 21:10:13","tech",0.48,"Python",34
"I just found a story! It was boring.","Bob","2025-02-17 21:10:18","other",0.55,"other",36
"I just tried JavaScript! It was exciting.","Eve","2025-02-17 21:10:23","tech",0.32,"JavaScript",41
"I just tried Python! It was weird.","Charlie","2025-02-17 21:10:28","tech",0.83,"Python",34
"I just found game! It was weird.","Bob","2025-02-17 21:10:33","gaming",0.54,"game",32
"I just shared JavaScript! It was amazing.","Eve","2025-02-17 21:10:38","tech",0.72,"JavaScript",41
"I just found a movie! It was boring.","Charlie","2025-02-17 21:10:43","entertainment",0.3,"movie",36
"I just found JavaScript! It was boring.","Charlie","2025-02-17 21:10:48","tech",0.03,"JavaScript",39
"I just shared Python! It was weird.","Alice","2025-02-17 21:10:53","tech",0.36,"Python",35
"I just found JavaScript! It was funny.","Eve","2025-02-17 21:10:58","tech",0.2,"JavaScript",38
"I just shared a trick! It was weird.","Charlie","2025-02-17 21:11:03","other",0.44,"other",36
"I just loved JavaScript! It was amazing.","Alice","2025-02-17 21:11:08","tech",0.73,"JavaScript",40
"I just loved recipe! It was boring.","Charlie","2025-02-17 21:11:13","food",0.92,"recipe",35
"I just saw travel! It was exciting.","Eve","2025-02-17 21:11:18","travel",0.69,"travel",35
"I just shared an app! It was amazing.","Eve","2025-02-17 21:11:23","other",0.02,"other",37
"I just tried travel! It was weird.","Charlie","2025-02-17 21:11:28","travel",0.97,"travel",34
"I just found a story! It was boring.","Charlie","2025-02-17 21:11:33","other",0.65,"other",36
"I just tried travel! It was funny.","Eve","2025-02-17 21:11:38","travel",0.49,"travel",34
"I just found Python! It was exciting.","Alice","2025-02-17 21:11:43","tech",0.6,"Python",37
"I just tried Python! It was amazing.","Alice","2025-02-17 21:11:48","tech",0.05,"Python",36
"I just saw a trick! It was weird.","Alice","2025-02-17 21:11:53","other",0.84,"other",33
"I just shared Python! It was exciting.","Eve","2025-02-17 21:11:58","tech",0.09,"Python",38
"I just found a movie! It was amazing.","Charlie","2025-02-17 21:12:03","entertainment",0.23,"movie",37
"I just shared a meme! It was exciting.","Charlie","2025-02-17 21:12:08","humor",0.34,"meme",38
"I just found a meme! It was boring.","Charlie","2025-02-17 21:12:13","humor",0.83,"meme",35
"I just found recipe! It was funny.","Alice","2025-02-17 21:12:18","food",0.81,"recipe",34
"I just loved an app! It was exciting.","Bob","2025-02-17 21:12:23","other",0.07,"other",37
"I just found a story! It was funny.","Eve","2025-02-17 21:12:28","other",0.17,"other",35
"I just loved recipe! It was funny.","Eve","2025-02-17 21:12:33","food",0.46,"recipe",34
"I just shared travel! It was exciting.","Alice","2025-02-17 21:12:38","travel",0.02,"travel",38
"I just tried an app! It was exciting.","Eve","2025-02-17 21:12:43","other",0.97,"other",37
"I just found a story! It was amazing.","Alice","2025-02-17 21:12:48","other",0.81,"other",37
"I just saw recipe! It was boring.","Eve","2025-02-17 21:12:53","food",0.36,"recipe",33
"I just tried a movie! It was amazing.","Charlie","2025-02-17 21:12:58","entertainment",0.3,"movie",37
"I just tried Python! It was amazing.","Alice","2025-02-17 21:13:03","tech",0.59,"Python",36
"I just loved a story! It was amazing.","Eve","2025-02-17 21:13:08","other",0.77,"other",37
"I just shared an app! It was boring.","Alice","2025-02-17 21:13:13","other",0.42,"other",36
"I just found Python! It was boring.","Charlie","2025-02-17 21:13:18","tech",0.94,"Python",35
"I just saw recipe! It was exciting.","Bob","2025-02-17 21:13:23","food",0.17,"recipe",35
"I just tried a trick! It was funny.","Alice","2025-02-17 21:13:28","other",0.31,"other",35
"I just shared JavaScript! It was weird.","Alice","2025-02-17 21:13:34","tech",0.95,"JavaScript",39
"I just shared recipe! It was exciting.","Bob","2025-02-17 21:13:39","food",0.65,"recipe",38
"I just found an app! It was weird.","Eve","2025-02-17 21:13:44","other",0.14,"other",34
"I just saw a story! It was funny.","Charlie","2025-02-17 21:13:49","other",0.24,"other",33
"I just saw a story! It was boring.","Bob","2025-02-17 21:13:54","other",0.68,"other",34
"I just saw recipe! It was weird.","Alice","2025-02-17 21:08:53","food",0.05,"recipe",32
"I just saw travel! It was amazing.","Alice","2025-02-17 21:08:58","travel",0.26,"travel",34
"I just saw a story! It was amazing.","Bob","2025-02-17 21:09:03","other",0.86,"other",35
"I just found a story! It was exciting.","Eve","2025-02-17 21:09:08","other",0.62,"other",38
"I just found travel! It was weird.","Eve","2025-02-17 21:09:13","travel",0.22,"travel",34
"I just found a story! It was boring.","Alice","2025-02-17 21:09:18","other",0.49,"other",36
"I just loved a movie! It was boring.","Alice","2025-02-17 21:09:23","entertainment",0.17,"movie",36
"I just shared Python! It was weird.","Alice","2025-02-17 21:09:28","tech",0.98,"Python",35
"I just loved recipe! It was exciting.","Alice","2025-02-17 21:09:33","food",0.41,"recipe",37
"I just saw a story! It was amazing.","Charlie","2025-02-17 21:09:38","other",0.34,"other",35
"I just saw an app! It was exciting.","Charlie","2025-02-17 21:09:43","other",0.86,"other",35
"I just saw a meme! It was funny.","Eve","2025-02-17 21:09:48","humor",0.32,"meme",32
"I just loved a trick! It was weird.","Bob","2025-02-17 21:09:53","other",0.4,"other",35
"I just found recipe! It was boring.","Charlie","2025-02-17 21:09:58","food",0.1,"recipe",35
"I just shared Python! It was weird.","Bob","2025-02-17 21:10:03","tech",0.06,"Python",35
"I just shared a trick! It was funny.","Charlie","2025-02-17 21:10:08","other",0.25,"other",36
"I just loved Python! It was weird.","Charlie","2025-02-17 21:10:13","tech",0.48,"Python",34
"I just found a story! It was boring.","Bob","2025-02-17 21:10:18","other",0.55,"other",36
"I just tried JavaScript! It was exciting.","Eve","2025-02-17 21:10:23","tech",0.32,"JavaScript",41
"I just tried Python! It was weird.","Charlie","2025-02-17 21:10:28","tech",0.83,"Python",34
"I just found game! It was weird.","Bob","2025-02-17 21:10:33","gaming",0.54,"game",32
"I just shared JavaScript! It was amazing.","Eve","2025-02-17 21:10:38","tech",0.72,"JavaScript",41
"I just found a movie! It was boring.","Charlie","2025-02-17 21:10:43","entertainment",0.3,"movie",36
"I just found JavaScript! It was boring.","Charlie","2025-02-17 21:10:48","tech",0.03,"JavaScript",39
"I just shared Python! It was weird.","Alice","2025-02-17 21:10:53","tech",0.36,"Python",35
"I just found JavaScript! It was funny.","Eve","2025-02-17 21:10:58","tech",0.2,"JavaScript",38
"I just shared a trick! It was weird.","Charlie","2025-02-17 21:11:03","other",0.44,"other",36
"I just loved JavaScript! It was amazing.","Alice","2025-02-17 21:11:08","tech",0.73,"JavaScript",40
"I just loved recipe! It was boring.","Charlie","2025-02-17 21:11:13","food",0.92,"recipe",35
"I just saw travel! It was exciting.","Eve","2025-02-17 21:11:18","travel",0.69,"travel",35
"I just shared an app! It was amazing.","Eve","2025-02-17 21:11:23","other",0.02,"other",37
"I just tried travel! It was weird.","Charlie","2025-02-17 21:11:28","travel",0.97,"travel",34
"I just found a story! It was boring.","Charlie","2025-02-17 21:11:33","other",0.65,"other",36
"I just tried travel! It was funny.","Eve","2025-02-17 21:11:38","travel",0.49,"travel",34
"I just found Python! It was exciting.","Alice","2025-02-17 21:11:43","tech",0.6,"Python",37
"I just tried Python! It was amazing.","Alice","2025-02-17 21:11:48","tech",0.05,"Python",36
"I just saw a trick! It was weird.","Alice","2025-02-17 21:11:53","other",0.84,"other",33
"I just shared Python! It was exciting.","Eve","2025-02-17 21:11:58","tech",0.09,"Python",38
"I just found a movie! It was amazing.","Charlie","2025-02-17 21:12:03","entertainment",0.23,"movie",37
"I just shared a meme! It was exciting.","Charlie","2025-02-17 21:12:08","humor",0.34,"meme",38
"I just found a meme! It was boring.","Charlie","2025-02-17 21:12:13","humor",0.83,"meme",35
"I just found recipe! It was funny.","Alice","2025-02-17 21:12:18","food",0.81,"recipe",34
"I just loved an app! It was exciting.","Bob","2025-02-17 21:12:23","other",0.07,"other",37
"I just found a story! It was funny.","Eve","2025-02-17 21:12:28","other",0.17,"other",35
"I just loved recipe! It was funny.","Eve","2025-02-17 21:12:33","food",0.46,"recipe",34
"I just shared travel! It was exciting.","Alice","2025-02-17 21:12:38","travel",0.02,"travel",38
"I just tried an app! It was exciting.","Eve","2025-02-17 21:12:43","other",0.97,"other",37
"I just found a story! It was amazing.","Alice","2025-02-17 21:12:48","other",0.81,"other",37
"I just saw recipe! It was boring.","Eve","2025-02-17 21:12:53","food",0.36,"recipe",33
"I just tried a movie! It was amazing.","Charlie","2025-02-17 21:12:58","entertainment",0.3,"movie",37
"I just tried Python! It was amazing.","Alice","2025-02-17 21:13:03","tech",0.59,"Python",36
"I just loved a story! It was amazing.","Eve","2025-02-17 21:13:08","other",0.77,"other",37
"I just shared an app! It was boring.","Alice","2025-02-17 21:13:13","other",0.42,"other",36
"I just found Python! It was boring.","Charlie","2025-02-17 21:13:18","tech",0.94,"Python",35
"I just saw recipe! It was exciting.","Bob","2025-02-17 21:13:23","food",0.17,"recipe",35
"I just tried a trick! It was funny.","Alice","2025-02-17 21:13:28","other",0.31,"other",35
"I just shared JavaScript! It was weird.","Alice","2025-02-17 21:13:34","tech",0.95,"JavaScript",39
"I just shared recipe! It was exciting.","Bob","2025-02-17 21:13:39","food",0.65,"recipe",38
"I just found an app! It was weird.","Eve","2025-02-17 21:13:44","other",0.14,"other",34
"I just saw a story! It was funny.","Charlie","2025-02-17 21:13:49","other",0.24,"other",33
"I just saw a story! It was boring.","Bob","2025-02-17 21:13:54","other",0.68,"other",34
"I just shared a movie! It was boring.","Eve","2025-02-17 21:13:59","entertainment",0.37,"movie",37
"I just loved an app! It was weird.","Charlie","2025-02-17 21:14:04","other",0.89,"other",34
"I just tried game! It was weird.","Alice","2025-02-17 21:14:09","gaming",0.53,"game",32
"I just loved travel! It was boring.","Charlie","2025-02-17 21:14:14","travel",0.86,"travel",35
"I just found recipe! It was boring.","Alice","2025-02-17 21:14:19","food",0.09,"recipe",35
"I just saw Python! It was amazing.","Charlie","2025-02-17 21:14:24","tech",0.13,"Python",34
"I just found a trick! It was exciting.","Eve","2025-02-17 21:14:29","other",0.1,"other",38
"I just tried Python! It was funny.","Charlie","2025-02-17 21:14:34","tech",0.84,"Python",34
"I just tried recipe! It was boring.","Alice","2025-02-17 21:14:39","food",0.2,"recipe",35
"I just saw JavaScript! It was exciting.","Eve","2025-02-17 21:14:44","tech",0.23,"JavaScript",39
"I just shared an app! It was amazing.","Alice","2025-02-17 21:14:49","other",0.46,"other",37
"I just saw a movie! It was amazing.","Eve","2025-02-17 21:14:54","entertainment",0.04,"movie",35
"I just shared an app! It was weird.","Charlie","2025-02-17 21:14:59","other",0.23,"other",35
"I just shared recipe! It was weird.","Bob","2025-02-17 21:15:04","food",0.67,"recipe",35
"I just shared a trick! It was boring.","Charlie","2025-02-17 21:15:09","other",0.95,"other",37
"I just loved recipe! It was amazing.","Bob","2025-02-17 21:15:14","food",0.01,"recipe",36
"I just found a meme! It was exciting.","Eve","2025-02-17 21:15:19","humor",0.85,"meme",37
"I just loved travel! It was exciting.","Bob","2025-02-17 21:15:24","travel",0.72,"travel",37
"I just saw Python! It was boring.","Charlie","2025-02-17 21:15:29","tech",0.46,"Python",33
"I just shared a movie! It was amazing.","Bob","2025-02-17 21:15:34","entertainment",0.16,"movie",38
"I just found recipe! It was exciting.","Eve","2025-02-17 21:15:39","food",0.28,"recipe",37
"I just loved recipe! It was weird.","Bob","2025-02-17 21:15:44","food",0.41,"recipe",34
"I just found a movie! It was weird.","Charlie","2025-02-17 21:15:49","entertainment",0.31,"movie",35
"I just shared a meme! It was boring.","Eve","2025-02-17 21:15:54","humor",0.1,"meme",36
"I just tried Python! It was boring.","Eve","2025-02-17 21:15:59","tech",0.09,"Python",35
"I just shared Python! It was exciting.","Charlie","2025-02-17 21:16:04","tech",0.8,"Python",38
"I just found a trick! It was weird.","Eve","2025-02-17 21:16:09","other",0.29,"other",35
"I just loved a movie! It was exciting.","Charlie","2025-02-17 21:16:14","entertainment",0.93,"movie",38
"I just found a movie! It was boring.","Eve","2025-02-17 21:16:19","entertainment",0.63,"movie",36
"I just shared Python! It was funny.","Charlie","2025-02-17 21:16:24","tech",0.63,"Python",35
"I just loved Python! It was amazing.","Bob","2025-02-17 21:16:29","tech",0.65,"Python",36
"I just tried Python! It was exciting.","Bob","2025-02-17 21:16:34","tech",0.76,"Python",37
"I just loved a meme! It was boring.","Charlie","2025-02-17 21:16:39","humor",0.65,"meme",35
"I just loved an app! It was weird.","Charlie","2025-02-17 21:16:44","other",0.1,"other",34
"I just loved game! It was amazing.","Bob","2025-02-17 21:16:49","gaming",0.55,"game",34
"I just loved JavaScript! It was exciting.","Bob","2025-02-17 21:16:54","tech",0.34,"JavaScript",41
"I just found recipe! It was boring.","Bob","2025-02-17 21:16:59","food",0.24,"recipe",35
"I just found travel! It was amazing.","Alice","2025-02-17 21:17:04","travel",0.87,"travel",36
"I just found game! It was weird.","Bob","2025-02-17 21:17:09","gaming",1.0,"game",32
"I just loved a movie! It was weird.","Bob","2025-02-17 21:17:14","entertainment",0.93,"movie",35
"I just shared JavaScript! It was funny.","Eve","2025-02-17 21:17:19","tech",0.43,"JavaScript",39
"I just shared a story! It was boring.","Alice","2025-02-17 21:17:24","other",0.32,"other",37
"I just saw an app! It was weird.","Bob","2025-02-17 21:17:29","other",0.46,"other",32
"I just found game! It was weird.","Alice","2025-02-17 21:17:34","gaming",0.43,"game",32
"I just saw an app! It was amazing.","Charlie","2025-02-17 21:17:39","other",0.04,"other",34
"I just saw a story! It was exciting.","Charlie","2025-02-17 21:17:44","other",0.31,"other",36
"I just shared a trick! It was weird.","Charlie","2025-02-17 21:17:49","other",0.03,"other",36
"I just found an app! It was funny.","Eve","2025-02-17 21:17:54","other",0.03,"other",34
"I just found Python! It was amazing.","Bob","2025-02-17 21:17:59","tech",0.68,"Python",36
"I just saw a trick! It was boring.","Bob","2025-02-17 21:18:04","other",0.32,"other",34
"I just found JavaScript! It was boring.","Bob","2025-02-17 21:18:09","tech",0.07,"JavaScript",39
"I just found Python! It was boring.","Eve","2025-02-17 21:18:14","tech",0.26,"Python",35
"I just loved a trick! It was boring.","Eve","2025-02-17 21:18:19","other",1.0,"other",36
"I just found a movie! It was funny.","Bob","2025-02-17 21:18:24","entertainment",0.6,"movie",35
"I just loved a movie! It was boring.","Charlie","2025-02-17 21:18:29","entertainment",0.03,"movie",36
"I just loved an app! It was funny.","Eve","2025-02-17 21:18:34","other",0.08,"other",34
"I just shared recipe! It was weird.","Bob","2025-02-17 21:18:39","food",0.24,"recipe",35
"I just found travel! It was exciting.","Alice","2025-02-17 21:18:44","travel",0.72,"travel",37
"I just tried travel! It was amazing.","Charlie","2025-02-17 21:18:49","travel",0.28,"travel",36
"I just saw an app! It was weird.","Alice","2025-02-17 21:18:54","other",0.69,"other",32
"I just saw an app! It was boring.","Alice","2025-02-17 21:18:59","other",0.46,"other",33
"I just tried an app! It was funny.","Alice","2025-02-17 21:19:04","other",0.69,"other",34
"I just shared travel! It was amazing.","Eve","2025-02-17 21:56:52","travel",0.54,"travel",37
"I just shared travel! It was funny.","Bob","2025-02-17 21:56:57","travel",0.92,"travel",35
"I just loved a story! It was exciting.","Charlie","2025-02-17 21:57:02","other",0.44,"other",38
"I just shared recipe! It was boring.","Charlie","2025-02-17 21:57:07","food",0.1,"recipe",36
"I just saw a movie! It was exciting.","Alice","2025-02-17 21:57:12","entertainment",0.91,"movie",36
"I just loved recipe! It was boring.","Bob","2025-02-17 21:57:17","food",0.89,"recipe",35
"I just shared an app! It was weird.","Charlie","2025-02-17 21:57:22","other",0.99,"other",35
"I just found JavaScript! It was boring.","Bob","2025-02-17 21:57:27","tech",0.59,"JavaScript",39
"I just saw travel! It was weird.","Bob","2025-02-17 21:57:32","travel",0.85,"travel",32
"I just tried recipe! It was boring.","Alice","2025-02-17 21:57:37","food",0.15,"recipe",35
"I just shared a trick! It was boring.","Charlie","2025-02-17 21:57:42","other",0.47,"other",37
"I just loved travel! It was exciting.","Eve","2025-02-17 21:57:47","travel",0.49,"travel",37
"I just loved a movie! It was exciting.","Alice","2025-02-17 21:57:52","entertainment",0.58,"movie",38
"I just saw game! It was weird.","Eve","2025-02-17 21:57:57","gaming",0.87,"game",30
"I just saw a movie! It was weird.","Alice","2025-02-17 21:58:02","entertainment",0.92,"movie",33
"I just found recipe! It was weird.","Bob","2025-02-17 21:58:07","food",0.86,"recipe",34
"I just saw recipe! It was amazing.","Bob","2025-02-17 21:58:12","food",0.28,"recipe",34
"I just loved game! It was boring.","Alice","2025-02-17 21:58:17","gaming",0.48,"game",33
"I just tried recipe! It was boring.","Alice","2025-02-17 21:58:22","food",0.3,"recipe",35
"I just shared a meme! It was exciting.","Alice","2025-02-17 21:58:27","humor",0.78,"meme",38
"I just shared JavaScript! It was boring.","Charlie","2025-02-17 21:58:32","tech",0.1,"JavaScript",40
"I just shared travel! It was boring.","Alice","2025-02-17 21:58:37","travel",0.8,"travel",36
"I just tried travel! It was weird.","Bob","2025-02-17 21:58:42","travel",0.22,"travel",34
"I just tried JavaScript! It was exciting.","Bob","2025-02-17 21:58:47","tech",0.6,"JavaScript",41
"I just saw a trick! It was funny.","Bob","2025-02-17 21:58:52","other",0.97,"other",33
"I just saw game! It was boring.","Bob","2025-02-17 21:58:57","gaming",0.72,"game",31
"I just loved a meme! It was weird.","Alice","2025-02-17 21:59:02","humor",0.76,"meme",34
"I just shared JavaScript! It was exciting.","Bob","2025-02-17 21:59:07","tech",0.13,"JavaScript",42
"I just tried game! It was weird.","Bob","2025-02-17 21:59:12","gaming",0.27,"game",32
"I just found a trick! It was amazing.","Bob","2025-02-17 21:59:17","other",0.18,"other",37
"I just shared game! It was funny.","Eve","2025-02-17 21:59:22","gaming",0.05,"game",33
"I just shared travel! It was boring.","Bob","2025-02-17 21:59:27","travel",0.04,"travel",36
"I just tried a trick! It was amazing.","Bob","2025-02-17 21:59:32","other",0.71,"other",37
"I just tried a meme! It was exciting.","Charlie","2025-02-17 21:59:37","humor",0.24,"meme",37
"I just found a meme! It was amazing.","Charlie","2025-02-17 21:59:42","humor",0.38,"meme",36
"I just shared game! It was boring.","Eve","2025-02-17 21:59:47","gaming",0.45,"game",34
"I just loved a story! It was weird.","Bob","2025-02-17 21:59:52","other",0.7,"other",35
"I just shared travel! It was boring.","Eve","2025-02-17 21:59:57","travel",0.91,"travel",36
"I just saw a movie! It was exciting.","Bob","2025-02-17 22:00:02","entertainment",0.15,"movie",36
"I just saw travel! It was exciting.","Alice","2025-02-17 22:00:07","travel",0.42,"travel",35
"I just shared a story! It was funny.","Eve","2025-02-17 22:00:12","other",0.31,"other",36
"I just found Python! It was exciting.","Charlie","2025-02-17 22:00:17","tech",0.47,"Python",37
"I just saw a movie! It was amazing.","Charlie","2025-02-17 22:00:22","entertainment",0.16,"movie",35
"I just saw a movie! It was funny.","Eve","2025-02-17 22:00:27","entertainment",0.01,"movie",33
"I just saw JavaScript! It was amazing.","Eve","2025-02-17 22:00:32","tech",0.62,"JavaScript",38
"I just loved travel! It was funny.","Eve","2025-02-17 22:00:37","travel",0.04,"travel",34
"I just saw JavaScript! It was weird.","Charlie","2025-02-17 22:00:42","tech",0.42,"JavaScript",36
"I just shared a trick! It was amazing.","Alice","2025-02-17 22:00:47","other",0.8,"other",38
"I just tried Python! It was funny.","Alice","2025-02-17 22:00:52","tech",0.17,"Python",34
"I just shared a trick! It was exciting.","Alice","2025-02-17 22:00:57","other",0.0,"other",39
"I just loved a movie! It was funny.","Alice","2025-02-17 22:01:02","entertainment",0.24,"movie",35
"I just found a movie! It was amazing.","Eve","2025-02-17 22:01:07","entertainment",0.45,"movie",37
"I just tried a trick! It was boring.","Bob","2025-02-17 22:01:12","other",0.49,"other",36
"I just shared game! It was funny.","Alice","2025-02-17 22:01:17","gaming",0.07,"game",33
"I just loved a trick! It was weird.","Charlie","2025-02-17 22:01:22","other",0.68,"other",35
"I just tried recipe! It was amazing.","Bob","2025-02-17 22:01:27","food",0.74,"recipe",36
"I just loved a movie! It was amazing.","Eve","2025-02-17 22:01:32","entertainment",0.69,"movie",37
"I just tried a trick! It was funny.","Charlie","2025-02-17 22:01:37","other",0.81,"other",35
"I just loved a story! It was boring.","Bob","2025-02-17 22:01:42","other",0.77,"other",36
"I just found a movie! It was weird.","Eve","2025-02-17 22:01:47","entertainment",0.02,"movie",35
"I just saw JavaScript! It was weird.","Eve","2025-02-17 22:01:52","tech",0.61,"JavaScript",36
"I just found game! It was exciting.","Alice","2025-02-17 22:01:57","gaming",0.39,"game",35
"I just loved a story! It was weird.","Eve","2025-02-17 22:02:02","other",0.74,"other",35
"I just found an app! It was amazing.","Charlie","2025-02-17 22:02:07","other",0.32,"other",36
"I just loved game! It was exciting.","Eve","2025-02-17 22:02:12","gaming",0.1,"game",35
"I just saw Python! It was exciting.","Alice","2025-02-17 22:02:17","tech",0.86,"Python",35
"I just found a trick! It was boring.","Eve","2025-02-17 22:02:22","other",0.5,"other",36
"I just saw a movie! It was weird.","Bob","2025-02-17 22:02:27","entertainment",0.0,"movie",33
"I just found a meme! It was weird.","Bob","2025-02-17 22:02:32","humor",0.47,"meme",34
"I just shared a trick! It was boring.","Charlie","2025-02-17 22:02:37","other",0.56,"other",37
"I just found game! It was boring.","Charlie","2025-02-17 22:02:42","gaming",0.17,"game",33
"I just found Python! It was amazing.","Eve","2025-02-17 22:02:47","tech",0.79,"Python",36
"I just saw a meme! It was funny.","Alice","2025-02-17 22:02:52","humor",0.64,"meme",32
"I just loved game! It was funny.","Bob","2025-02-17 22:02:57","gaming",0.43,"game",32
"I just loved Python! It was weird.","Bob","2025-02-17 22:03:02","tech",0.36,"Python",34
"I just tried a meme! It was boring.","Charlie","2025-02-17 22:03:07","humor",0.6,"meme",35
"I just shared a meme! It was amazing.","Alice","2025-02-17 22:03:12","humor",0.72,"meme",37
"I just tried JavaScript! It was boring.","Bob","2025-02-17 22:03:17","tech",0.16,"JavaScript",39
"I just shared Python! It was funny.","Charlie","2025-02-17 22:03:22","tech",0.51,"Python",35
"I just found JavaScript! It was weird.","Eve","2025-02-17 22:03:27","tech",0.15,"JavaScript",38
"I just loved an app! It was amazing.","Charlie","2025-02-17 22:03:32","other",0.65,"other",36
"I just loved a meme! It was weird.","Bob","2025-02-17 22:03:37","humor",0.18,"meme",34
"I just shared a trick! It was exciting.","Alice","2025-02-17 22:03:42","other",0.92,"other",39
"I just tried Python! It was exciting.","Bob","2025-02-17 22:03:47","tech",0.29,"Python",37
"I just found a movie! It was weird.","Charlie","2025-02-17 22:03:52","entertainment",0.81,"movie",35
